Season,ID_ACTION,len,season_n,share
2007,2FGM,9138,27061,0.3376815343113706
2007,2FGA,7164,27061,0.26473522781863196
2007,3FGA,6064,27061,0.22408632349137134
2007,3FGM,3474,27061,0.12837663057536677
2007,2FGAB,1127,27061,0.04164665016074794
2007,3FGAB,94,27061,0.0034736336425113634
2008,LAYUPMD,5083,21809,0.23306891650236142
2008,3FGA,4919,21809,0.22554908524003853
2008,LAYUPATT,4596,21809,0.21073868586363428
2008,3FGM,2742,21809,0.12572791049566692
2008,2FGA,2138,21809,0.09803292218808748
2008,2FGM,1329,21809,0.06093814480260443
2008,DUNK,890,21809,0.04080884038699619
2008,2FGAB,59,21809,0.0027053051492503095
2008,3FGAB,53,21809,0.0024301893713604477
2009,3FGA,5024,21376,0.23502994011976047
2009,LAYUPMD,4323,21376,0.2022361526946108
2009,LAYUPATT,3281,21376,0.15348989520958084
2009,2FGA,2888,21376,0.13510479041916168
2009,3FGM,2776,21376,0.12986526946107785
2009,2FGM,1915,21376,0.08958645209580839
2009,DUNK,880,21376,0.04116766467065868
2009,2FGAB,229,21376,0.010712949101796407
2009,3FGAB,60,21376,0.00280688622754491
2010,3FGA,4753,22198,0.21411838904405803
2010,LAYUPMD,4621,22198,0.20817190737904315
2010,2FGA,3582,22198,0.1613658888188125
2010,LAYUPATT,3582,22198,0.1613658888188125
2010,3FGM,2429,22198,0.10942427245697811
2010,2FGM,2178,22198,0.0981169474727453
2010,DUNK,791,22198,0.035633840886566355
2010,2FGAB,199,22198,0.008964771601045139
2010,3FGAB,63,22198,0.0028380935219389134
2011,3FGA,4782,22381,0.2136633751843081
2011,2FGA,4303,22381,0.1922612930610786
2011,LAYUPMD,4016,22381,0.17943791608954024
2011,LAYUPATT,2825,22381,0.12622313569545596
2011,2FGM,2769,22381,0.12372101335954605
2011,3FGM,2510,22381,0.11214869755596264
2011,DUNK,798,22381,0.03565524328671641
2011,2FGAB,338,22381,0.015102095527456325
2011,3FGAB,40,22381,0.0017872302399356598
2012,3FGA,6617,30050,0.22019966722129783
2012,LAYUPMD,5552,30050,0.18475873544093177
2012,2FGA,5063,30050,0.16848585690515808
2012,LAYUPATT,4192,30050,0.13950083194675542
2012,3FGM,3686,30050,0.1226622296173045
2012,2FGM,3364,30050,0.1119467554076539
2012,DUNK,1125,30050,0.03743760399334443
2012,2FGAB,391,30050,0.013011647254575707
2012,3FGAB,60,30050,0.0019966722129783694
2013,3FGA,6656,30049,0.22150487537022862
2013,LAYUPMD,5231,30049,0.1740823321907551
2013,2FGA,5176,30049,0.17225198841891576
2013,LAYUPATT,3824,30049,0.12725881060933808
2013,3FGM,3741,30049,0.12449665546274419
2013,2FGM,3616,30049,0.12033678325401843
2013,DUNK,1267,30049,0.04216446470764418
2013,2FGAB,463,30049,0.01540816666112017
2013,3FGAB,75,30049,0.002495923325235449
2014,3FGA,6908,29958,0.23058949195540424
2014,2FGA,5390,29958,0.1799185526403632
2014,LAYUPMD,4974,29958,0.16603244542359302
2014,3FGM,3798,29958,0.12677748848387743
2014,2FGM,3545,29958,0.11833233193137059
2014,LAYUPATT,3516,29958,0.11736431003404767
2014,DUNK,1289,29958,0.04302690433273249
2014,2FGAB,464,29958,0.0154883503571667
2014,3FGAB,74,29958,0.0024701248414446893
2015,2FGM,9687,29903,0.32394743002374343
2015,2FGA,7881,29903,0.2635521519579975
2015,3FGA,7055,29903,0.2359295054007959
2015,3FGM,3945,29903,0.13192656255225227
2015,2FGAB,1265,29903,0.04230344781460054
2015,3FGAB,70,29903,0.0023409022506103066
2016,2FGM,10314,31476,0.3276782310331681
2016,2FGA,8334,31476,0.26477316050324057
2016,3FGA,7171,31476,0.22782437412631845
2016,3FGM,4268,31476,0.1355953742533994
2016,2FGAB,1297,31476,0.041205998220866694
2016,3FGAB,92,31476,0.002922861863006735
2017,2FGM,10569,31854,0.3317950649839895
2017,2FGA,9438,31854,0.2962893200226031
2017,3FGA,7402,31854,0.2323727004457839
2017,3FGM,4445,31854,0.13954291454762352
2018,2FGM,10613,31675,0.33505919494869774
2018,2FGA,9155,31675,0.2890292028413575
2018,3FGA,7493,31675,0.2365588003157064
2018,3FGM,4414,31675,0.13935280189423835
2019,2FGM,9844,31046,0.31707788442955614
2019,2FGA,8749,31046,0.2818076402757199
2019,3FGA,7800,31046,0.25124009534239516
2019,3FGM,4653,31046,0.1498743799523288
2020,2FGM,12763,39445,0.32356445683863605
2020,2FGA,11058,39445,0.2803397135251616
2020,3FGA,9714,39445,0.24626695398656356
2020,3FGM,5910,39445,0.14982887564963873
2021,2FGM,11623,36185,0.32121044631753487
2021,2FGA,10110,36185,0.27939754041729997
2021,3FGA,9300,36185,0.2570125742711068
2021,3FGM,5152,36185,0.1423794389940583
2022,2FGM,12828,39929,0.32127025470209625
2022,2FGA,10665,39929,0.26709910090410477
2022,3FGA,10492,39929,0.2627664103784217
2022,3FGM,5944,39929,0.1488642340153773
2023,2FGM,13382,41276,0.3242077720709371
2023,2FGA,11139,41276,0.2698662661110573
2023,3FGA,10631,41276,0.25755887198371935
2023,3FGM,6124,41276,0.14836708983428626
2024,2FGM,13529,41436,0.32650352350612993
2024,3FGA,10913,41436,0.26337001641085045
2024,2FGA,10807,41436,0.2608118544261029
2024,3FGM,6187,41436,0.1493146056569167
2025,2FGM,16779,51447,0.3261414659746924
2025,3FGA,13640,51447,0.26512721830233055
2025,2FGA,13409,51447,0.2606371605730169
2025,3FGM,7619,51447,0.14809415514996016
