Season,n,null_coord_rate,three_inside_arc,two_beyond_arc,orientation_fail,r_median,r_max
2007,27061,0.0,0.10932308970099668,0.0008606345745596419,0.03946639074683123,303.8157336281319,1398.1248156012396
2008,21809,0.0,0.02942701581540057,0.0006385242993969493,0.010821220597001238,321.8850726579286,1335.1198448079483
2009,21376,0.0,0.04389312977099236,0.0004439183190292986,0.016420284431137723,337.739544619815,1367.2911175020483
2010,22198,0.0,0.035886818495514144,0.0008025145455761386,0.012253356158212452,317.10644124137957,1380.0789832469734
2011,22381,0.0,0.004091653027823241,0.0013289919595986443,0.0022340377999195745,351.20506830055854,1303.8608054543245
2012,30050,0.0,0.0015439544533436265,0.0011682836389495606,0.0012978369384359402,363.0495833904785,1424.4191798764857
2013,30049,0.0,0.002005347593582888,0.0016856515298564643,0.001797064794169523,359.5385931996731,1397.6616185615171
2014,29958,0.0,0.0016697588126159556,0.0011471477734904577,0.0013352026169971293,370.84363281577316,1421.788310544154
2015,29903,0.0,0.001987353206865402,0.0010619656985079381,0.001404541350366184,392.02040763205173,1445.2902822616638
2016,31476,0.0,0.0021680686844159224,0.0011531712208573577,0.0015249714067861228,383.275357934736,1453.0216791225105
2017,31854,0.0,0.005486621085506879,0.001299545159194282,0.002856784077352923,381.75384739384094,1412.1487173807154
2018,31675,0.0,0.0026874947509868143,0.0008599757183326589,0.0015469613259668509,373.28005572224185,1402.0788137619083
2019,31046,0.0,0.001927246446639364,0.0018286451890496423,0.0018681955807511434,394.8847931228496,1419.929575718458
2020,39445,0.0,0.002304147465437788,0.0015952310986104697,0.0018760299150716187,415.3227660506946,1416.3933069596171
2021,36185,0.0,0.0025601992803764187,0.0015644411724106198,0.001962139007876192,418.81977030699016,1438.7331232719987
2022,39929,0.0,0.0020077877829155514,0.0022134252756140127,0.00212877858198302,399.71239660535923,1430.8067654299095
2023,41276,0.0,0.0032229185317815576,0.0020798499245544633,0.0025438511483670896,394.2346742177307,1460.60946183434
2024,41436,0.0,0.0022222222222222222,0.0011094674556213018,0.001568684235930109,403.83783874223576,1417.6402928810962
2025,51447,0.0,0.001975633849193283,0.0004968861799390487,0.001107936322817657,390.5444917035702,1452.1490970282632
