name,player_id,n_pbp_rows,sources,id_norm,format_artifact_only
"AGUILAR, PABLO",PKSF,144,pbp,PKSF,false
"AGUILAR, PABLO",MAD991,3,pbp,MAD991,false
"BOOKER, MELVIN",PAVD,276,pbp,PAVD,false
"BOOKER, MELVIN",AVD,32,pbp,AVD,false
"MILOSEVIC, STRAHINJA",PTHY,510,pbp,PTHY,false
"MILOSEVIC, STRAHINJA",PTGY,30,pbp,PTGY,false
"MULALIC, MIRKO",P000437,15,pbp,P000437,false
"MULALIC, MIRKO",LJU1,6,pbp,LJU1,false
"NAVAJAS, ALEJANDRO",MAL1,0,box,MAL1,false
"NAVAJAS, ALEJANDRO",PLAC,0,box,PLAC,false
"ROCKMANN, MANUEL",001720,0,box,1720,false
"ROCKMANN, MANUEL",P001720,0,box,P001720,false
"SHAKUR, MUSTAFA",P000668,669,pbp,P000668,false
"SHAKUR, MUSTAFA",1,20,pbp,1,false
"SIMONOVIC, MARKO",PLRU,1879,pbp,PLRU,false
"SIMONOVIC, MARKO",P012711,118,pbp,P012711,false
"UDOM, MATTIA",PSIE374368,0,box,PSIE374368,false
"UDOM, MATTIA",P001479,0,box,P001479,false
"YURTSEVEN, OMER",P005353,1106,pbp,P005353,false
"YURTSEVEN, OMER",P005983,5,pbp,P005983,false
