Season,Gamecode,NUM_ANOT,TEAM,PLAYER,ID_ACTION,points,FASTBREAK,SECOND_CHANCE,COORD_X,COORD_Y,bucket,r
2013,26,100,PAR,"BOGDANOVIC, BOGDAN",2FGM,2,,,18,451,mid_range,451.4
2013,35,618,RED,"SCHILB, BLAKE",LAYUPATT,0,,,0,169,at_rim,169.0
2013,43,167,GAL,"DOMERCANT, HENRY",3FGM,3,,,476,621,above_break_three,782.4
2013,63,219,ULK,"ONAN, OMER",3FGM,3,,,639,250,above_break_three,686.2
2013,72,168,TIV,"HENDRIX, RICHARD",2FGA,0,,,56,288,mid_range,293.4
2013,81,453,SIE,"GREEN, ERICK",2FGA,0,,,194,50,mid_range,200.3
2013,104,499,MUN,"TAYLOR, BRYCE",3FGA,0,,,721,0,corner_three,721.0
2013,107,236,PAN,"DIAMANTIDIS, DIMITRIS",2FGAB,0,,,-200,200,mid_range,282.8
2013,140,411,MIL,"LANGFORD, KEITH",3FGA,0,,,-595,577,above_break_three,828.8
2013,161,37,OLY,"PRINTEZIS, GEORGIOS",LAYUPMD,2,,,25,181,at_rim,182.7
2013,204,74,MAL,"KUZMINSKAS, MINDAUGAS",2FGA,0,,,-332,94,mid_range,345.1
2013,205,545,GAL,"ERCEG, ZORAN",LAYUPATT,0,,,62,81,at_rim,102.0
2013,215,326,MAD,"MIROTIC, NIKOLA",2FGM,2,,,-269,175,mid_range,320.9
2013,236,295,TEL,"BLU, DAVID",3FGA,0,,,-62,727,above_break_three,729.6
2014,12,118,BAS,"GOMES, RYAN",3FGA,0,,,-595,363,above_break_three,697.0
2014,13,138,UNK,"WHITE, JAMES",2FGM,2,,,-401,294,mid_range,497.2
2014,19,477,MUN,"SAVANOVIC, DUSKO",3FGM,3,,,-94,752,above_break_three,757.9
2014,23,417,OLY,"LAFAYETTE, OLIVER",2FGA,0,,,232,533,mid_range,581.3
2014,30,170,LMG,"BOUNGOU-COLO, NOBEL",3FGA,0,,,-583,432,above_break_three,725.6
2014,39,109,NOV,"KHVOSTOV, DIMITRIY",3FGA,0,,,414,627,above_break_three,751.3
2014,44,528,ZGO,"JARAMAZ, NEMANJA",3FGM,3,,,-608,401,above_break_three,728.3
2014,53,277,TEL,"RANDLE, BRIAN",DUNK,2,,,0,-18,at_rim,18.0
2014,69,491,BAR,"NACHBAR, BOSTJAN",3FGA,0,,,545,495,above_break_three,736.2
2014,77,197,CED,"ARAPOVIC, MARKO",LAYUPATT,0,,,62,169,at_rim,180.0
2014,90,453,LMG,"BOUNGOU-COLO, NOBEL",LAYUPMD,2,,,-56,50,at_rim,75.1
2014,101,244,CSK,"FRIDZON, VITALY",2FGA,0,,,244,156,mid_range,289.6
2014,108,379,PAM,"LUCIC, VLADIMIR",2FGM,2,,,-476,56,mid_range,479.3
2014,110,357,NOV,"BABURIN, EVGENY",3FGA,0,,,-470,577,above_break_three,744.2
2014,145,218,BAR,"HEZONJA, MARIO",2FGA,0,,,-232,131,mid_range,266.4
2014,147,179,PAN,"GIST, JAMES",3FGM,3,,,-43,746,above_break_three,747.2
2014,150,323,IST,"BJELICA, MILKO",DUNK,2,,,6,-6,at_rim,8.5
2014,157,403,MAL,"GRANGER, JAYSON",LAYUPMD,2,,,18,138,at_rim,139.2
2014,158,417,BAS,"SHENGELIA, TORNIKE",LAYUPMD,2,,,37,87,at_rim,94.5
2014,175,253,CSK,"FRIDZON, VITALY",3FGM,3,,,-696,37,corner_three,697.0
2014,181,319,MAL,"VAZQUEZ, FRAN",2FGA,0,,,257,489,mid_range,552.4
2014,186,35,PAN,"GIANKOVITS, VLANTIMIR",3FGA,0,,,715,-43,corner_three,716.3
2014,216,444,CSK,"JACKSON, AARON",3FGM,3,0,1,43,865,above_break_three,866.1
2014,225,142,RED,"ZIRBES, MAIK",LAYUPATT,0,,,-100,43,at_rim,108.9
2014,242,591,TEL,"PARGO, JEREMY",2FGA,0,,,-50,250,mid_range,255.0
2014,243,242,PAN,"FOTSIS, ANTONIS",3FGM,3,,,-432,646,above_break_three,777.1
