Season,team,pm_per40_z,pir_per40_z,ws_per40_z,RAPM,team_minutes,g,w,win_pct
2021,OLY,0.9154846928074644,0.4392792995454272,0.3630810594966111,1.1432311121117578,7611.333333333333,38,23,0.6052631578947368
2021,IST,0.5611056624268629,0.506863801442465,0.46897863389132743,0.6236064493111079,7887.799999999999,40,23,0.575
2023,PAR,0.009393779966324773,0.11765123012936206,-0.06406764081539343,0.28215781295363296,6521.016666666666,34,16,0.47058823529411764
2023,BAR,0.5703348037788541,0.2148585552538333,0.1484305604999427,0.4673647202096281,7619.75,39,24,0.6153846153846154
2024,RED,0.32377424896954393,0.05835072498985805,-0.025706007447639994,0.47748699506260567,7000.583333333333,35,18,0.5142857142857142
2024,OLY,0.9072754511377051,0.4308251047710454,0.36136328689949704,1.1018842427363513,7632.45,40,28,0.7
2020,KHI,-2.089802964320808,-0.06142945907369414,-0.22477777940025948,-0.6223594879418809,5980.85,34,4,0.11764705882352941
2020,PAN,-0.5918206384598844,0.06134221664134242,0.030675600834121276,-0.06964925771897772,6579.5,34,11,0.3235294117647059
2020,BAR,1.1864042241721493,0.23838800503199695,0.13292153505153945,0.8470142721821032,7843.283333333333,41,28,0.6829268292682927
2020,BER,-0.48162084323244797,0.1668418464330096,-0.0007230641484699106,-0.2136596777525791,6517.483333333334,34,12,0.35294117647058826
2020,RED,-0.854615013625294,-0.2838089698155229,-0.34541048880880854,-0.37983113477224756,6292.983333333334,34,10,0.29411764705882354
2021,MUN,0.1225513993028879,0.05037699459139048,-0.04831165682495409,0.3147172847465707,6772.066666666667,36,16,0.4444444444444444
2021,ASV,-1.150609777521502,-0.08924227693663861,-0.18523568374754498,-0.43535241252526247,6327.266666666666,32,10,0.3125
2022,BAR,0.861586821986593,0.26721151907775376,0.26213369895027633,1.0387384249132003,7652.2,39,26,0.6666666666666666
2023,BAS,-0.12118091823034964,0.3937565879969555,0.3712286817173127,0.15237653467091195,7274.25,39,19,0.48717948717948717
2023,PAN,1.0371166832125418,0.3482764649579456,0.2077309579819471,0.5874921374285211,7710.049999999999,41,28,0.6829268292682927
2024,ULK,0.6739815351101017,0.13533395645016388,0.10251779546592914,0.8915881506196485,7501.033333333333,39,28,0.717948717948718
2020,PAM,0.23371649905415984,0.3405575944911706,0.24929945296408765,0.4818479490241639,6642.083333333333,34,19,0.5588235294117647
2022,PAR,0.5106473848289872,0.38877941727866366,0.21702044342849588,0.2180014670800279,7667.016666666666,39,22,0.5641025641025641
2022,ASV,-1.211574402205407,-0.341689727228471,-0.4528658838070791,-0.7754838326185848,6652.366666666667,34,8,0.23529411764705882
2024,VIR,-0.7215428220630008,-0.028039621727471098,-0.2641944131480802,0.42413420513336025,6518.05,34,9,0.2647058823529412
2020,CSK,0.9688875569363484,0.277465111753493,0.24832233223334302,0.9854036853917658,7645.133333333333,39,27,0.6923076923076923
2020,ZAL,0.06409579578455908,0.1405969417558174,0.11528804066911143,-0.0015810511649288577,6650.666666666666,34,17,0.5
2020,BAS,0.7569733461220769,0.5693449701749929,0.5327889948824194,0.7116855359460611,6510.25,34,18,0.5294117647058824
2020,DYR,0.5446034430553658,0.2213917299966368,0.1795292910662682,0.47873259442327604,7177.833333333334,39,22,0.5641025641025641
2021,RED,-0.1986331368810753,-0.04753941589053808,-0.13262568884559256,0.4510517456621364,6326.766666666666,33,14,0.42424242424242425
2021,BAR,1.3185946877136312,0.40258480673165786,0.2617332375062758,0.7525153701512594,7334.416666666666,39,28,0.717948717948718
2022,BER,-0.6436856426937138,0.1985205990726781,0.1576169738779534,-0.20954870319902083,6633.016666666666,34,11,0.3235294117647059
2023,IST,0.24802337360764093,0.4085477734672195,0.3328263211190176,0.9437806681283727,6690.033333333333,35,17,0.4857142857142857
2023,ZAL,0.1948960113016882,-0.05694636256719187,-0.08216206103696552,-0.016446987270622243,6489.45,34,14,0.4117647058823529
2023,MIL,0.10083271057822946,0.09516227985098513,0.014296309254604768,0.4350593683067093,6442.866666666667,34,15,0.4411764705882353
2023,MUN,-0.5106169443680274,0.002583681510498747,-0.06433104213688287,0.0499804908884172,6364.383333333333,34,13,0.38235294117647056
2024,MIL,-0.05370727521382871,0.36158159539805357,0.21470342660208908,-0.028877441128461107,6232.166666666666,34,17,0.5
2020,IST,1.3487076280250092,0.5568901995342131,0.5124894338801048,0.7277308368222493,7842.516666666666,41,27,0.6585365853658537
2020,MAD,0.30738571187969227,0.21035542480577496,0.2332484070203344,0.8405499727860513,7852.2,39,22,0.5641025641025641
2021,MIL,0.3412110231009784,-0.07253506602456916,-0.07154436846775115,0.36227926028885166,7071.35,36,22,0.6111111111111112
2021,ULK,0.05446794559483003,0.2448511496605433,0.1898284474694127,0.7321043700334341,5684.9,31,13,0.41935483870967744
2021,MCO,0.7348953256246714,0.4344710943488716,0.342952436081738,1.2268436630899995,7341.916666666666,38,21,0.5526315789473685
2022,OLY,1.4167226420512373,0.6026180169740714,0.5778486240137887,1.5248006263565255,8056.7,41,28,0.6829268292682927
2023,VIR,-0.3145315097094278,0.06479409063573888,-0.028958648326918444,-0.03553838129865346,7324.833333333334,36,18,0.5
2023,BER,-1.731852479832231,-0.20340527375698628,-0.27540571714647605,-0.9370328756353324,6535.566666666667,34,5,0.14705882352941177
2023,MCO,0.49635338513430405,0.19928363266489282,0.06653302961671816,1.3603831356345304,7815.1,39,25,0.6410256410256411
2023,TEL,0.23366153028800632,0.4855902094457457,0.3449014366307766,0.6645956020013382,7817.7,40,23,0.575
2023,MAD,1.4204272027947398,0.7721643261295608,0.7300505659405819,1.275760516658924,7811.7,39,31,0.7948717948717948
2024,PAN,0.7073946753110301,0.4753284796303024,0.4815825158211185,1.1262203670155015,8219.7,41,25,0.6097560975609756
2024,MUN,0.03789091261426033,0.2295400373229024,0.2389561125116861,-0.0704896838626218,6794.85,36,20,0.5555555555555556
2024,MCO,0.6135790687250992,0.29696718209627065,0.13819496685172952,1.1293337550800144,8058.400000000001,41,25,0.6097560975609756
2022,VIR,-0.7746824562082976,0.05032885195178577,-0.02542508684504007,-0.5898626703484312,6703.133333333333,34,14,0.4117647058823529
2020,MIL,0.6478609369104239,0.14074045824980916,0.09780815148243072,0.18771574493812557,8115.433333333333,41,25,0.6097560975609756
2021,BAS,-0.6837523386515779,0.1611135850956033,0.1000832716614093,-0.07914276209099083,6311.95,32,12,0.375
2022,MCO,0.23253213357708732,0.19942992745676574,0.03678484044528875,1.5012170137210925,8198.566666666668,41,25,0.6097560975609756
2022,ZAL,-0.2437917002261902,-0.08650745137197927,-0.10229822468719178,0.07041586949886107,7374.033333333333,37,19,0.5135135135135135
2023,RED,-0.20511360723096697,0.18838880074537243,0.10918603427662107,0.5592040497940715,6298.083333333333,34,11,0.3235294117647059
2024,IST,0.7882419412886796,0.4443226279488975,0.44788302580478756,0.9305165593308461,7494.0,39,22,0.5641025641025641
2021,CSK,0.5259381850688901,0.3626574815170691,0.24743194288695128,0.6238562631181254,4579.75,24,14,0.5833333333333334
2021,DYR,0.2803862322787111,0.032286547342160375,-0.00033327982537728113,0.15458765621493958,4488.45,23,14,0.6086956521739131
2021,TEL,0.24262215454095673,0.31520177342060957,0.20933718950835595,0.6727058651290218,6413.366666666667,35,18,0.5142857142857142
2021,MAD,1.2420970107407319,0.4333163516737776,0.4445386904840878,1.2271995508003408,7096.183333333333,38,26,0.6842105263157895
2022,ULK,0.4364153919055985,0.22332283224458532,0.17926989492556408,0.9272598376452549,7261.916666666666,39,21,0.5384615384615384
2022,PAN,-0.5143380496320032,-0.08035302230343759,-0.17891252341372374,-0.025459844805679015,6597.583333333333,34,11,0.3235294117647059
2022,MAD,1.0295853248420073,0.5808802835301577,0.54207987648586,1.1138715692139645,8131.566666666667,41,28,0.6829268292682927
2023,ULK,0.706921080790441,0.20146024388939812,0.11996103680138041,0.8999645028359744,8096.066666666667,41,23,0.5609756097560976
2023,PAM,-0.46204166369084554,-0.24570597445196235,-0.32642450552383123,-0.37791024937191564,6839.05,34,14,0.4117647058823529
2024,ASV,-0.6877376388404183,0.03063586824427889,-0.06879790778249133,-0.3816604222087354,6377.483333333334,34,13,0.38235294117647056
2024,PAR,0.43062413346482614,0.15727288745319645,0.11307499550986795,0.22598706499171745,6405.966666666666,34,16,0.47058823529411764
2024,BER,-2.0228205948647564,-0.2864196870689744,-0.45454245169109475,-0.7702001948857601,6753.666666666667,34,5,0.14705882352941177
2024,BAR,0.5910636816018271,0.33163928452693076,0.3247294724991233,0.30205479907676785,7685.716666666667,39,22,0.5641025641025641
2020,ASV,-0.5754186263510936,-0.05610384003891514,-0.12080644508876684,-0.5548201093194584,6627.466666666667,34,13,0.38235294117647056
2020,OLY,-0.04615636876204995,0.06404536311279137,0.0032131853730750465,0.42292324723782837,6698.45,34,16,0.47058823529411764
2021,UNK,0.456844022634342,0.04217003697714559,0.13093934323577633,-0.0754595914139756,4941.816666666667,25,13,0.52
2021,ZAL,-1.2413480330720672,-0.11722202196078392,-0.1438846753815602,-0.5543400945538961,5948.083333333333,32,8,0.25
2021,BER,-0.615475613421966,0.22750208054465973,0.17178382997053945,-0.40148929304167047,6791.883333333333,34,14,0.4117647058823529
2022,RED,-0.007029205328186316,-0.1271335779072223,-0.19459008608197556,0.09823247126280227,6532.766666666666,34,17,0.5
2022,MIL,-0.39852871043127075,-0.12544847602234807,-0.12075089889737536,0.20761088380048087,6714.6,34,15,0.4411764705882353
2023,ASV,-1.011257466178234,0.00032973403362984526,-0.10970981870733695,-0.5480619624356935,6715.833333333333,34,9,0.2647058823529412
2024,PRS,0.1099653473356725,0.0203677977240807,-0.010573619085586189,0.6266272896617866,7478.783333333333,38,20,0.5263157894736842
2024,BAS,-0.03270656385526636,0.19825111186372693,0.16983253520268607,0.6304942445114294,6544.15,34,14,0.4117647058823529
2020,MUN,0.29067630714166903,0.11768265202592447,-0.03185609347421986,-0.027610504532133314,7440.05,39,23,0.5897435897435898
2020,ULK,-0.15738725758439195,0.18442708640917213,0.10851288227484088,0.043293644381305486,6957.216666666666,37,20,0.5405405405405406
2020,TEL,-0.0010205580086490508,0.08898915454808534,0.016378912681476607,0.40143256894897866,6370.983333333334,34,14,0.4117647058823529
2021,PAN,-1.016374780448314,0.1546320224684287,0.02225001934555446,-0.3475185252300002,5834.666666666667,32,10,0.3125
2022,BAS,0.6426771533986354,0.6438503777729476,0.6418934215270254,0.8114953453004258,6447.066666666667,34,18,0.5294117647058824
2022,TEL,0.6445967931596717,0.33205643674916024,0.317446329098271,0.6493722422682507,7382.333333333333,39,22,0.5641025641025641
2022,MUN,-0.48015081777016927,-0.21667856474766897,-0.22081197547939946,0.16547056678386143,6314.15,34,11,0.3235294117647059
2022,IST,0.4755656009428157,0.608748056418141,0.5837041610813948,0.45863908373109086,6200.05,34,17,0.5
2022,PAM,-0.5351826262102057,-0.011987630820817777,-0.08289521199969278,0.05718280026736916,6488.233333333334,34,15,0.4411764705882353
2023,OLY,0.8417010598711963,0.2385631526599551,0.247517089134807,1.1389533398508804,8102.783333333333,41,26,0.6341463414634146
2024,MAD,0.5028502768667259,0.23572827217948691,0.18702371894995395,1.2440106470279821,7857.066666666667,40,22,0.55
2024,TEL,-0.5777438796868558,0.26373242757179527,0.13629825252111277,-0.233159630700529,6012.55,34,11,0.3235294117647059
2024,ZAL,-0.16364389502729393,-0.28706949535501464,-0.36363157590411965,0.009377984501886141,6615.033333333334,34,15,0.4411764705882353
